ward_code,hour,base_risk_score,time_multiplier,risk_score,risk_score_noisy
A,0,0.43663215149939183,0.9980769230769232,0.43579247428497,0.450693898875307
A,1,0.43663215149939183,0.9865384615384616,0.4307544109984385,0.4266064819633029
A,2,0.43663215149939183,0.8846153846153846,0.38625151863407736,0.4056821747770981
A,3,0.43663215149939183,0.7692307692307692,0.3358708857687629,0.38156178146100367
A,4,0.43663215149939183,0.6230769230769231,0.272055417472698,0.26503081623099795
A,5,0.43663215149939183,0.6346153846153846,0.2770934807592294,0.270069372050754
A,6,0.43663215149939183,0.6884615384615383,0.30060444276304277,0.3479808272282645
A,7,0.43663215149939183,0.8076923076923076,0.35266443005720105,0.3756874719317883
A,8,0.43663215149939183,0.8653846153846153,0.3778547464898583,0.36377051491180973
A,9,0.43663215149939183,1.0576923076923077,0.46182246793204906,0.478099269239628
A,10,0.43663215149939183,1.2038461538461538,0.5256379362281139,0.5117354054437401
A,11,0.43663215149939183,1.3307692307692307,0.5810566323799599,0.5670847397728521
A,12,0.43663215149939183,1.196153846153846,0.5222792273704263,0.5295380955174074
A,13,0.43663215149939183,1.1076923076923075,0.48365407550701855,0.4262556681672846
A,14,0.43663215149939183,1.0269230769230768,0.4483876325012985,0.3966400975259075
A,15,0.43663215149939183,0.9807692307692308,0.4282353793551728,0.4113667534779436
A,16,0.43663215149939183,1.0692307692307692,0.4668605312185805,0.4364755976085478
A,17,0.43663215149939183,1.1115384615384614,0.48533342993586237,0.4947608499137206
A,18,0.43663215149939183,1.1692307692307693,0.5105237463685197,0.4832830241028834
A,19,0.43663215149939183,1.1230769230769229,0.4903714932223938,0.44800238218233507
A,20,0.43663215149939183,1.1423076923076922,0.49876826536661295,0.5427377284342596
A,21,0.43663215149939183,1.1230769230769229,0.4903714932223938,0.48359820420779775
A,22,0.43663215149939183,1.1115384615384614,0.48533342993586237,0.4873592760765001
A,23,0.43663215149939183,1.0038461538461538,0.43831150592823565,0.3955690603418319
B,0,0.6209866504510233,0.9980769230769232,0.6197924453540021,0.6034609636182466
B,1,0.6209866504510233,0.9865384615384616,0.612627214771875,0.6159548924631709
B,2,0.6209866504510233,0.8846153846153846,0.5493343446297514,0.5148045373070823
B,3,0.6209866504510233,0.7692307692307692,0.4776820388084794,0.48895297935884957
B,4,0.6209866504510233,0.6230769230769231,0.38692245143486836,0.3689032907373042
B,5,0.6209866504510233,0.6346153846153846,0.3940876820169955,0.38533686952319723
B,6,0.6209866504510233,0.6884615384615383,0.42752542473358907,0.40947422636670716
B,7,0.6209866504510233,0.8076923076923076,0.5015661407489034,0.5571344862841715
B,8,0.6209866504510233,0.8653846153846153,0.5373922936595393,0.5369873769174013
B,9,0.6209866504510233,1.0576923076923077,0.6568128033616593,0.6250814754929822
B,10,0.6209866504510233,1.2038461538461538,0.7475723907352704,0.772248738098366
B,11,0.6209866504510233,1.3307692307692307,0.8263899271386694,0.7897646176395388
B,12,0.6209866504510233,1.196153846153846,0.7427955703471855,0.7490614781973282
B,13,0.6209866504510233,1.1076923076923075,0.6878621358842103,0.629072032167817
B,14,0.6209866504510233,1.0269230769230768,0.63770552180932,0.5978599403423671
B,15,0.6209866504510233,0.9807692307692308,0.6090445994808114,0.6149504365568851
B,16,0.6209866504510233,1.0692307692307692,0.6639780339437864,0.6861320313436488
B,17,0.6209866504510233,1.1115384615384614,0.6902505460782528,0.6953915945139518
B,18,0.6209866504510233,1.1692307692307693,0.7260766989888888,0.7226072505172416
B,19,0.6209866504510233,1.1230769230769229,0.6974157766603799,0.6883826657927012
B,20,0.6209866504510233,1.1423076923076922,0.709357827630592,0.6650021679195691
B,21,0.6209866504510233,1.1230769230769229,0.6974157766603799,0.6758204504085387
B,22,0.6209866504510233,1.1115384615384614,0.6902505460782528,0.6764313829494591
B,23,0.6209866504510233,1.0038461538461538,0.6233750606450656,0.6550887274316332
C,0,0.8344110322249102,0.9980769230769232,0.8328063956244778,0.8431149443115317
C,1,0.8344110322249102,0.9865384615384616,0.8231785760218826,0.7702873713610006
C,2,0.8344110322249102,0.8846153846153846,0.738132836198959,0.7478553552808028
C,3,0.8344110322249102,0.7692307692307692,0.6418546401730078,0.6303021717605183
C,4,0.8344110322249102,0.6230769230769231,0.5199022585401364,0.4995945985309576
C,5,0.8344110322249102,0.6346153846153846,0.5295300781427315,0.5478803668079575
C,6,0.8344110322249102,0.6884615384615383,0.574459902954842,0.6053898886297204
C,7,0.8344110322249102,0.8076923076923076,0.6739473721816581,0.7018857757551441
C,8,0.8344110322249102,0.8653846153846153,0.7220864701946338,0.6969099444979546
C,9,0.8344110322249102,1.0576923076923077,0.8825501302378858,0.8732737589623493
C,10,0.8344110322249102,1.2038461538461538,1.0045025118707571,1.014440414812864
C,11,0.8344110322249102,1.3307692307692307,1.1104085274993034,1.1396748813129742
C,12,0.8344110322249102,1.196153846153846,0.998083965469027,0.9837087383336683
C,13,0.8344110322249102,1.1076923076923075,0.9242706818491312,0.9187009125492167
C,14,0.8344110322249102,1.0269230769230768,0.8568759446309654,0.8236858954107845
C,15,0.8344110322249102,0.9807692307692308,0.818364666220585,0.7824784674981649
C,16,0.8344110322249102,1.0692307692307692,0.8921779498404809,0.9165537245123069
C,17,0.8344110322249102,1.1115384615384614,0.9274799550499961,0.9681671559071208
C,18,0.8344110322249102,1.1692307692307693,0.975619053062972,0.973458749415562
C,19,0.8344110322249102,1.1230769230769229,0.9371077746525913,0.967213761589352
C,20,0.8344110322249102,1.1423076923076922,0.9531541406569166,0.9640032214083456
C,21,0.8344110322249102,1.1230769230769229,0.9371077746525913,0.9177541820144376
C,22,0.8344110322249102,1.1115384615384614,0.9274799550499961,0.9383218232152486
C,23,0.8344110322249102,1.0038461538461538,0.8376203054257753,0.8837614024197543
D,0,0.512544140406907,0.9980769230769232,0.5115584785984322,0.5104836974251337
D,1,0.512544140406907,0.9865384615384616,0.5056445077475833,0.5525838174220035
D,2,0.512544140406907,0.8846153846153846,0.4534044318984177,0.3748120787757254
D,3,0.512544140406907,0.7692307692307692,0.3942647233899284,0.4189217985211851
D,4,0.512544140406907,0.6230769230769231,0.31935442594584207,0.3219658379929872
D,5,0.512544140406907,0.6346153846153846,0.32526839679669095,0.31629817628271495
D,6,0.512544140406907,0.6884615384615383,0.3528669274339859,0.355619750730051
D,7,0.512544140406907,0.8076923076923076,0.41397795955942485,0.3543508921213981
D,8,0.512544140406907,0.8653846153846153,0.4435478138136695,0.4369576571785441
D,9,0.512544140406907,1.0576923076923077,0.5421139946611516,0.552827371806504
D,10,0.512544140406907,1.2038461538461538,0.617024292105238,0.6613611134474835
D,11,0.512544140406907,1.3307692307692307,0.6820779714645762,0.6665298649163668
D,12,0.512544140406907,1.196153846153846,0.6130816448713386,0.5888268367845431
D,13,0.512544140406907,1.1076923076923075,0.5677412016814969,0.5526884903739608
D,14,0.512544140406907,1.0269230769230768,0.5263434057255545,0.5538054692566167
D,15,0.512544140406907,0.9807692307692308,0.5026875223221589,0.5125500556119494
D,16,0.512544140406907,1.0692307692307692,0.5480279655120005,0.5321351593989894
D,17,0.512544140406907,1.1115384615384614,0.5697125252984465,0.5851105482918472
D,18,0.512544140406907,1.1692307692307693,0.5992823795526913,0.6021947060331325
D,19,0.512544140406907,1.1230769230769229,0.5756264961492954,0.6046858458652821
D,20,0.512544140406907,1.1423076923076922,0.5854831142340438,0.5644215214177232
D,21,0.512544140406907,1.1230769230769229,0.5756264961492954,0.5657966317513623
D,22,0.512544140406907,1.1115384615384614,0.5697125252984465,0.5579492807044818
D,23,0.512544140406907,1.0038461538461538,0.5145154640238566,0.47061001557989307
E,0,0.4418912210099402,0.9980769230769232,0.4410414302003058,0.4499250385122431
E,1,0.4418912210099402,0.9865384615384616,0.43594268534249875,0.4437743435078954
E,2,0.4418912210099402,0.8846153846153846,0.3909037724318702,0.391057176131144
E,3,0.4418912210099402,0.7692307692307692,0.33991632385380016,0.33287870985254575
E,4,0.4418912210099402,0.6230769230769231,0.2753322223215781,0.23287110006006567
E,5,0.4418912210099402,0.6346153846153846,0.28043096717938515,0.26781160749642435
E,6,0.4418912210099402,0.6884615384615383,0.3042251098491511,0.293943674353348
E,7,0.4418912210099402,0.8076923076923076,0.35691214004649013,0.3328438219698416
E,8,0.4418912210099402,0.8653846153846153,0.38240586433552515,0.37756729298554487
E,9,0.4418912210099402,1.0576923076923077,0.46738494529897523,0.47950647100341137
E,10,0.4418912210099402,1.2038461538461538,0.5319690468311973,0.5885546238675132
E,11,0.4418912210099402,1.3307692307692307,0.5880552402670742,0.5932925746520294
E,12,0.4418912210099402,1.196153846153846,0.5285698835926591,0.536296395314342
E,13,0.4418912210099402,1.1076923076923075,0.4894795063494722,0.48724612887648716
E,14,0.4418912210099402,1.0269230769230768,0.45378829234482315,0.3962251558858519
E,15,0.4418912210099402,0.9807692307692308,0.43339331291359523,0.4325978966501187
E,16,0.4418912210099402,1.0692307692307692,0.4724836901567822,0.474290596455013
E,17,0.4418912210099402,1.1115384615384614,0.49117908796874116,0.5650763513432997
E,18,0.4418912210099402,1.1692307692307693,0.5166728122577763,0.5109019833143426
E,19,0.4418912210099402,1.1230769230769229,0.49627783282654814,0.5053242530965565
E,20,0.4418912210099402,1.1423076923076922,0.5047757409228932,0.503734387831736
E,21,0.4418912210099402,1.1230769230769229,0.49627783282654814,0.46121749169796217
E,22,0.4418912210099402,1.1115384615384614,0.49117908796874116,0.5254637724041917
E,23,0.4418912210099402,1.0038461538461538,0.4435908026292092,0.46614879360981243
F/S,0,0.26812300296021596,0.9980769230769232,0.2676073818006771,0.2913383402119685
F/S,1,0.26812300296021596,0.9865384615384616,0.26451365484344386,0.23723203119960168
F/S,2,0.26812300296021596,0.8846153846153846,0.23718573338788335,0.2792695627159663
F/S,3,0.26812300296021596,0.7692307692307692,0.20624846381555073,0.1641929319317823
F/S,4,0.26812300296021596,0.6230769230769231,0.1670612556905961,0.1846669685046042
F/S,5,0.26812300296021596,0.6346153846153846,0.17015498264782936,0.2358686514221287
F/S,6,0.26812300296021596,0.6884615384615383,0.18459237511491788,0.15487628536099723
F/S,7,0.26812300296021596,0.8076923076923076,0.21656088700632825,0.1995719551182451
F/S,8,0.26812300296021596,0.8653846153846153,0.23202952179249456,0.2350190627451238
F/S,9,0.26812300296021596,1.0576923076923077,0.2835916377463823,0.2684873681228963
F/S,10,0.26812300296021596,1.2038461538461538,0.3227788458713369,0.2762589429393529
F/S,11,0.26812300296021596,1.3307692307692307,0.35680984240090274,0.35886673164508354
F/S,12,0.26812300296021596,1.196153846153846,0.3207163612331813,0.28884724982139814
F/S,13,0.26812300296021596,1.1076923076923075,0.296997787894393,0.31120556081344847
F/S,14,0.26812300296021596,1.0269230769230768,0.2753416991937602,0.24775897216674614
F/S,15,0.26812300296021596,0.9807692307692308,0.2629667913648272,0.30946482351535337
F/S,16,0.26812300296021596,1.0692307692307692,0.2866853647036155,0.2631877659335284
F/S,17,0.26812300296021596,1.1115384615384614,0.29802903021347077,0.2883671847273005
F/S,18,0.26812300296021596,1.1692307692307693,0.31349766499963716,0.33790318152072724
F/S,19,0.26812300296021596,1.1230769230769229,0.301122757170704,0.2641968276776854
F/S,20,0.26812300296021596,1.1423076923076922,0.30627896876609284,0.3131027668042167
F/S,21,0.26812300296021596,1.1230769230769229,0.301122757170704,0.34033703979917684
F/S,22,0.26812300296021596,1.1115384615384614,0.29802903021347077,0.24980453317663395
F/S,23,0.26812300296021596,1.0038461538461538,0.2691542452792937,0.2746932610352628
G/S,0,0.43371409524599336,0.9980769230769232,0.43288002967821265,0.44067651350566533
G/S,1,0.43371409524599336,0.9865384615384616,0.4278756362715281,0.4513303224248474
G/S,2,0.43371409524599336,0.8846153846153846,0.383670161179148,0.3465616398528055
G/S,3,0.43371409524599336,0.7692307692307692,0.33362622711230255,0.29401252871977424
G/S,4,0.43371409524599336,0.6230769230769231,0.2702372439609651,0.28589549092947203
G/S,5,0.43371409524599336,0.6346153846153846,0.2752416373676496,0.2841511775646452
G/S,6,0.43371409524599336,0.6884615384615383,0.2985954732655108,0.3061102587758871
G/S,7,0.43371409524599336,0.8076923076923076,0.3503075384679177,0.36070098475282697
G/S,8,0.43371409524599336,0.8653846153846153,0.37532950550134037,0.35492876385398564
G/S,9,0.43371409524599336,1.0576923076923077,0.45873606227941605,0.46570367319424616
G/S,10,0.43371409524599336,1.2038461538461538,0.5221250454307536,0.5309172196297139
G/S,11,0.43371409524599336,1.3307692307692307,0.5771733729042834,0.5557428303634924
G/S,12,0.43371409524599336,1.196153846153846,0.5187887831596304,0.5747620184939731
G/S,13,0.43371409524599336,1.1076923076923075,0.48042176704171563,0.49463675466906926
G/S,14,0.43371409524599336,1.0269230769230768,0.4453910131949239,0.40965190827884446
G/S,15,0.43371409524599336,0.9807692307692308,0.4253734395681858,0.44507004782720067
G/S,16,0.43371409524599336,1.0692307692307692,0.46374045568610056,0.4345000055792809
G/S,17,0.43371409524599336,1.1115384615384614,0.48208989817727715,0.5057024362895507
G/S,18,0.43371409524599336,1.1692307692307693,0.5071118652107,0.5418697325809221
G/S,19,0.43371409524599336,1.1230769230769229,0.48709429158396167,0.46247382203341036
G/S,20,0.43371409524599336,1.1423076923076922,0.4954349472617693,0.5243362311390989
G/S,21,0.43371409524599336,1.1230769230769229,0.48709429158396167,0.4994777193920566
G/S,22,0.43371409524599336,1.1115384615384614,0.48208989817727715,0.5067517029771118
G/S,23,0.43371409524599336,1.0038461538461538,0.4353822263815549,0.4922860158611733
F/N,0,0.4585910982660857,0.9980769230769232,0.4577091923078817,0.4503475488277956
F/N,1,0.4585910982660857,0.9865384615384616,0.4524177565586576,0.42980567162793293
F/N,2,0.4585910982660857,0.8846153846153846,0.405676740773845,0.37899130788507934
F/N,3,0.4585910982660857,0.7692307692307692,0.35276238328160436,0.3282880747326412
F/N,4,0.4585910982660857,0.6230769230769231,0.2857375304580995,0.28342447917567637
F/N,5,0.4585910982660857,0.6346153846153846,0.2910289662073236,0.30126352545182294
F/N,6,0.4585910982660857,0.6884615384615383,0.31572233303703584,0.3240230570169364
F/N,7,0.4585910982660857,0.8076923076923076,0.37040050244568457,0.39521599991676526
F/N,8,0.4585910982660857,0.8653846153846153,0.39685768119180487,0.39724773794814205
F/N,9,0.4585910982660857,1.0576923076923077,0.48504827701220604,0.5286542993269255
F/N,10,0.4585910982660857,1.2038461538461538,0.5520731298357108,0.5441334248385721
F/N,11,0.4585910982660857,1.3307692307692307,0.6102789230771756,0.6918839980748641
F/N,12,0.4585910982660857,1.196153846153846,0.5485455060028946,0.5673155264358448
F/N,13,0.4585910982660857,1.1076923076923075,0.5079778319255103,0.4822631052330218
F/N,14,0.4585910982660857,1.0269230769230768,0.4709377816809418,0.43881100673910844
F/N,15,0.4585910982660857,0.9807692307692308,0.4497720386840456,0.4642462111413411
F/N,16,0.4585910982660857,1.0692307692307692,0.49033971276143007,0.48363582920165454
F/N,17,0.4585910982660857,1.1115384615384614,0.5097416438419182,0.531161658664681
F/N,18,0.4585910982660857,1.1692307692307693,0.5361988225880386,0.550395951325245
F/N,19,0.4585910982660857,1.1230769230769229,0.5150330795911423,0.5128482122114362
F/N,20,0.4585910982660857,1.1423076923076922,0.5238521391731825,0.4984483276311304
F/N,21,0.4585910982660857,1.1230769230769229,0.5150330795911423,0.46958766285056636
F/N,22,0.4585910982660857,1.1115384615384614,0.5097416438419182,0.4963461952799076
F/N,23,0.4585910982660857,1.0038461538461538,0.4603549101824937,0.48604687401219787
G/N,0,0.7877790775704367,0.9980769230769232,0.7862641178058783,0.7926869301297844
G/N,1,0.7877790775704367,0.9865384615384616,0.7771743592185271,0.7398021958571674
G/N,2,0.7877790775704367,0.8846153846153846,0.6968814916969248,0.7020769194724603
G/N,3,0.7877790775704367,0.7692307692307692,0.6059839058234129,0.617543427215278
G/N,4,0.7877790775704367,0.6230769230769231,0.49084696371696446,0.46433124063093045
G/N,5,0.7877790775704367,0.6346153846153846,0.49993672230431563,0.5045484754826814
G/N,6,0.7877790775704367,0.6884615384615383,0.5423555957119545,0.5441018572653344
G/N,7,0.7877790775704367,0.8076923076923076,0.6362831011145834,0.6019939921796648
G/N,8,0.7877790775704367,0.8653846153846153,0.6817318940513394,0.6924655148617879
G/N,9,0.7877790775704367,1.0576923076923077,0.8332278705071927,0.8500514062982397
G/N,10,0.7877790775704367,1.2038461538461538,0.9483648126136411,0.9808563499088995
G/N,11,0.7877790775704367,1.3307692307692307,1.0483521570745042,1.0799662186355514
G/N,12,0.7877790775704367,1.196153846153846,0.9423049735554069,0.9009748925166942
G/N,13,0.7877790775704367,1.1076923076923075,0.8726168243857144,0.8444820731882607
G/N,14,0.7877790775704367,1.0269230769230768,0.8089885142742561,0.8244395722905159
G/N,15,0.7877790775704367,0.9807692307692308,0.7726294799248514,0.7880430584522177
G/N,16,0.7877790775704367,1.0692307692307692,0.8423176290945439,0.8577690596837253
G/N,17,0.7877790775704367,1.1115384615384614,0.8756467439148314,0.9912286886344731
G/N,18,0.7877790775704367,1.1692307692307693,0.9210955368515876,0.9382222521723826
G/N,19,0.7877790775704367,1.1230769230769229,0.8847365025021826,0.9188034717076006
G/N,20,0.7877790775704367,1.1423076923076922,0.899886100147768,0.9285061530525641
G/N,21,0.7877790775704367,1.1230769230769229,0.8847365025021826,0.9042782400413566
G/N,22,0.7877790775704367,1.1115384615384614,0.8756467439148314,0.8661886665756211
G/N,23,0.7877790775704367,1.0038461538461538,0.7908089970995538,0.8135780737143518
N,0,0.09240565107983485,0.9980769230769232,0.09222794790468133,0.06904319146855419
N,1,0.09240565107983485,0.9865384615384616,0.09116172885376016,0.08405717065155989
N,2,0.09240565107983485,0.8846153846153846,0.08174346057062314,0.06718255413575003
N,3,0.09240565107983485,0.7692307692307692,0.07108127006141142,0.0735374942430011
N,4,0.09240565107983485,0.6230769230769231,0.057575828749743256,0.1270155857499485
N,5,0.09240565107983485,0.6346153846153846,0.05864204780066442,0.0026240920229119793
N,6,0.09240565107983485,0.6884615384615383,0.06361773670496322,0.08420554241619863
N,7,0.09240565107983485,0.8076923076923076,0.07463533356448199,0.026253857428792438
N,8,0.09240565107983485,0.8653846153846153,0.07996642881908785,0.06580847284540484
N,9,0.09240565107983485,1.0576923076923077,0.09773674633444071,0.1304052642434617
N,10,0.09240565107983485,1.2038461538461538,0.11124218764610888,0.11317058821897276
N,11,0.09240565107983485,1.3307692307692307,0.12297059720624176,0.09063825386836258
N,12,0.09240565107983485,1.196153846153846,0.11053137494549474,0.08907226366769569
N,13,0.09240565107983485,1.1076923076923075,0.10235702888843244,0.12274496135647271
N,14,0.09240565107983485,1.0269230769230768,0.09489349553198424,0.07298249658047015
N,15,0.09240565107983485,0.9807692307692308,0.09062861932829958,0.09712237701575882
N,16,0.09240565107983485,1.0692307692307692,0.09880296538536187,0.10017012058247629
N,17,0.09240565107983485,1.1115384615384614,0.10271243523873949,0.08316442481056498
N,18,0.09240565107983485,1.1692307692307693,0.10804353049334538,0.17236185317310515
N,19,0.09240565107983485,1.1230769230769229,0.10377865428966065,0.12279622495920099
N,20,0.09240565107983485,1.1423076923076922,0.10555568604119596,0.044801408441467745
N,21,0.09240565107983485,1.1230769230769229,0.10377865428966065,0.10937228373274348
N,22,0.09240565107983485,1.1115384615384614,0.10271243523873949,0.08285884129568785
N,23,0.09240565107983485,1.0038461538461538,0.0927610574301419,0.11833405747402861
R/C,0,0.042174557119653525,0.9980769230769232,0.04209345220211574,0.018317830049134717
R/C,1,0.042174557119653525,0.9865384615384616,0.04160682269688896,0.03816472945288199
R/C,2,0.042174557119653525,0.8846153846153846,0.03730826206738581,0.05245788043679952
R/C,3,0.042174557119653525,0.7692307692307692,0.032441967015118096,0.05841462284022174
R/C,4,0.042174557119653525,0.6230769230769231,0.026277993282245657,0.0
R/C,5,0.042174557119653525,0.6346153846153846,0.02676462278747243,0.016729585712243977
R/C,6,0.042174557119653525,0.6884615384615383,0.029035560478530693,0.014787201143702008
R/C,7,0.042174557119653525,0.8076923076923076,0.034064065365873995,0.01446418838866264
R/C,8,0.042174557119653525,0.8653846153846153,0.03649721289200786,0.08946084010044075
R/C,9,0.042174557119653525,1.0576923076923077,0.04460770464578738,0.056757155974616044
R/C,10,0.042174557119653525,1.2038461538461538,0.05077167837865982,0.012945159748608465
R/C,11,0.042174557119653525,1.3307692307692307,0.0561246029361543,0.08366046134779759
R/C,12,0.042174557119653525,1.196153846153846,0.05044725870850863,0.11411194461888763
R/C,13,0.042174557119653525,1.1076923076923075,0.04671643250177005,0.07769039031830446
R/C,14,0.042174557119653525,1.0269230769230768,0.04331002596518265,0.0
R/C,15,0.042174557119653525,0.9807692307692308,0.041363507944275575,0.026836485758288037
R/C,16,0.042174557119653525,1.0692307692307692,0.04509433415101415,0.08310166862661283
R/C,17,0.042174557119653525,1.1115384615384614,0.04687864233684564,0.02564855836828222
R/C,18,0.042174557119653525,1.1692307692307693,0.04931178986297951,0.06262637270736636
R/C,19,0.042174557119653525,1.1230769230769229,0.04736527184207241,0.07060429344495252
R/C,20,0.042174557119653525,1.1423076923076922,0.04817632101745037,0.02036840687010788
R/C,21,0.042174557119653525,1.1230769230769229,0.04736527184207241,0.04557951116021841
R/C,22,0.042174557119653525,1.1115384615384614,0.04687864233684564,0.0
R/C,23,0.042174557119653525,1.0038461538461538,0.04233676695472911,0.011605137714700418
S,0,0.20335219803426144,0.9980769230769232,0.2029611361149648,0.19538409157317
S,1,0.20335219803426144,0.9865384615384616,0.20061476459918484,0.16318126914023937
S,2,0.20335219803426144,0.8846153846153846,0.17988848287646203,0.2288608219944111
S,3,0.20335219803426144,0.7692307692307692,0.15642476771866262,0.11352052637984364
S,4,0.20335219803426144,0.6230769230769231,0.12670406185211674,0.11350272725120723
S,5,0.20335219803426144,0.6346153846153846,0.12905043336789668,0.13297265068647943
S,6,0.20335219803426144,0.6884615384615383,0.14000016710820304,0.18323836578018649
S,7,0.20335219803426144,0.8076923076923076,0.16424600610459575,0.12117014156921257
S,8,0.20335219803426144,0.8653846153846153,0.17597786368349547,0.21087277624814427
S,9,0.20335219803426144,1.0576923076923077,0.21508405561316113,0.21539104744374873
S,10,0.20335219803426144,1.2038461538461538,0.24480476147970703,0.2153595019482685
S,11,0.20335219803426144,1.3307692307692307,0.27061484815328635,0.28447795238118445
S,12,0.20335219803426144,1.196153846153846,0.24324051380252038,0.24921230466972447
S,13,0.20335219803426144,1.1076923076923075,0.2252516655148742,0.20724515920011036
S,14,0.20335219803426144,1.0269230769230768,0.2088270649044146,0.21092112745411518
S,15,0.20335219803426144,0.9807692307692308,0.19944157884129488,0.18788217093544207
S,16,0.20335219803426144,1.0692307692307692,0.21743042712894106,0.2208359474864785
S,17,0.20335219803426144,1.1115384615384614,0.2260337893534675,0.2458977095890989
S,18,0.20335219803426144,1.1692307692307693,0.23776564693236724,0.2853461514167278
S,19,0.20335219803426144,1.1230769230769229,0.22838016086924742,0.19124569590444196
S,20,0.20335219803426144,1.1423076923076922,0.23229078006221401,0.296281781301902
S,21,0.20335219803426144,1.1230769230769229,0.22838016086924742,0.16981752688357238
S,22,0.20335219803426144,1.1115384615384614,0.2260337893534675,0.22148023650239998
S,23,0.20335219803426144,1.0038461538461538,0.20413432187285474,0.22178383806739205
T,0,0.02280780376552894,0.9980769230769232,0.022763942604441388,0.031193698636492368
T,1,0.02280780376552894,0.9865384615384616,0.02250077563791605,0.0038197900432982365
T,2,0.02280780376552894,0.8846153846153846,0.0201761341002756,0.013932466589557341
T,3,0.02280780376552894,0.7692307692307692,0.01754446443502226,0.0027544363952572756
T,4,0.02280780376552894,0.6230769230769231,0.014211016192368033,0.0
T,5,0.02280780376552894,0.6346153846153846,0.014474183158893365,0.0399622460695241
T,6,0.02280780376552894,0.6884615384615383,0.01570229566934492,0.026412760248296342
T,7,0.02280780376552894,0.8076923076923076,0.018421687656773374,0.0
T,8,0.02280780376552894,0.8653846153846153,0.01973752248940004,0.04672551875239756
T,9,0.02280780376552894,1.0576923076923077,0.02412363859815561,0.03334262422445389
T,10,0.02280780376552894,1.2038461538461538,0.027457086840809837,0.05184295040597864
T,11,0.02280780376552894,1.3307692307692307,0.030351923472588513,0.04924078873029688
T,12,0.02280780376552894,1.196153846153846,0.02728164219645961,0.0024117918687974436
T,13,0.02280780376552894,1.1076923076923075,0.025264028786432052,0.008458597580522965
T,14,0.02280780376552894,1.0269230769230768,0.023421860020754717,0.04584066817445257
T,15,0.02280780376552894,0.9807692307692308,0.022369192154653387,0.04068030011765733
T,16,0.02280780376552894,1.0692307692307692,0.024386805564680942,0.023759757745756498
T,17,0.02280780376552894,1.1115384615384614,0.025351751108607164,0.028871572607870623
T,18,0.02280780376552894,1.1692307692307693,0.026667585941233838,0.06499753281488659
T,19,0.02280780376552894,1.1230769230769229,0.025614918075132498,0.007867776410057599
T,20,0.02280780376552894,1.1423076923076922,0.02605352968600806,0.042466451121109194
T,21,0.02280780376552894,1.1230769230769229,0.025614918075132498,0.019549138502115676
T,22,0.02280780376552894,1.1115384615384614,0.025351751108607164,0.018821315011790556
T,23,0.02280780376552894,1.0038461538461538,0.02289552608770405,0.05585883164731975
K/W,0,0.5316605394822695,0.9980769230769232,0.5306381153678806,0.5554006058375215
K/W,1,0.5316605394822695,0.9865384615384616,0.5245035706815467,0.5489088597615659
K/W,2,0.5316605394822695,0.8846153846153846,0.47031509261893073,0.5094794568335606
K/W,3,0.5316605394822695,0.7692307692307692,0.4089696457555919,0.4095997610045747
K/W,4,0.5316605394822695,0.6230769230769231,0.3312654130620295,0.3517240022008784
K/W,5,0.5316605394822695,0.6346153846153846,0.33739995774836334,0.32809195505055966
K/W,6,0.5316605394822695,0.6884615384615383,0.36602783295125474,0.375752823525908
K/W,7,0.5316605394822695,0.8076923076923076,0.4294181280433715,0.425513836412341
K/W,8,0.5316605394822695,0.8653846153846153,0.4600908514750409,0.4630007304248225
K/W,9,0.5316605394822695,1.0576923076923077,0.5623332629139389,0.5801879736770463
K/W,10,0.5316605394822695,1.2038461538461538,0.6400374956075013,0.6154908751104972
K/W,11,0.5316605394822695,1.3307692307692307,0.7075174871571741,0.7702891054277379
K/W,12,0.5316605394822695,1.196153846153846,0.6359477991499454,0.6057672777049543
K/W,13,0.5316605394822695,1.1076923076923075,0.5889162898880523,0.5524906315044203
K/W,14,0.5316605394822695,1.0269230769230768,0.5459744770837152,0.5807178032887172
K/W,15,0.5316605394822695,0.9807692307692308,0.5214362983383798,0.5451861791572679
K/W,16,0.5316605394822695,1.0692307692307692,0.5684678076002728,0.5871914021118375
K/W,17,0.5316605394822695,1.1115384615384614,0.5909611381168303,0.6098115033947586
K/W,18,0.5316605394822695,1.1692307692307693,0.6216338615484998,0.6212664583630924
K/W,19,0.5316605394822695,1.1230769230769229,0.5970956828031642,0.5701780516585893
K/W,20,0.5316605394822695,1.1423076923076922,0.607319923947054,0.6095940606928658
K/W,21,0.5316605394822695,1.1230769230769229,0.5970956828031642,0.5767808314578008
K/W,22,0.5316605394822695,1.1115384615384614,0.5909611381168303,0.6202147301193628
K/W,23,0.5316605394822695,1.0038461538461538,0.5337053877110475,0.5292936662659833
R/N,0,0.1864624785364562,0.9980769230769232,0.18610389684696305,0.16133898094318772
R/N,1,0.1864624785364562,0.9865384615384616,0.1839524067100039,0.1743108314604141
R/N,2,0.1864624785364562,0.8846153846153846,0.1649475771668651,0.17733552079513382
R/N,3,0.1864624785364562,0.7692307692307692,0.14343267579727398,0.12652093921315474
R/N,4,0.1864624785364562,0.6230769230769231,0.11618046739579194,0.091513855528799
R/N,5,0.1864624785364562,0.6346153846153846,0.11833195753275104,0.1256425738775084
R/N,6,0.1864624785364562,0.6884615384615383,0.12837224483856022,0.1357212419718219
R/N,7,0.1864624785364562,0.8076923076923076,0.1506043095871377,0.1353960143260038
R/N,8,0.1864624785364562,0.8653846153846153,0.16136176027193325,0.14723061110338356
R/N,9,0.1864624785364562,1.0576923076923077,0.19721992922125176,0.20418142734198083
R/N,10,0.1864624785364562,1.2038461538461538,0.2244721376227338,0.18102960737781407
R/N,11,0.1864624785364562,1.3307692307692307,0.248138529129284,0.20591461589798735
R/N,12,0.1864624785364562,1.196153846153846,0.22303781086476102,0.20148448422718793
R/N,13,0.1864624785364562,1.1076923076923075,0.20654305314807453,0.2001396385967191
R/N,14,0.1864624785364562,1.0269230769230768,0.19148262218936077,0.2008098491573009
R/N,15,0.1864624785364562,0.9807692307692308,0.18287666164152436,0.2271373481500109
R/N,16,0.1864624785364562,1.0692307692307692,0.19937141935821084,0.22510120805427142
R/N,17,0.1864624785364562,1.1115384615384614,0.2072602165270609,0.20246206062815808
R/N,18,0.1864624785364562,1.1692307692307693,0.2180176672118565,0.21744718097477583
R/N,19,0.1864624785364562,1.1230769230769229,0.20941170666402,0.17933582572488574
R/N,20,0.1864624785364562,1.1423076923076922,0.21299752355895188,0.21244212947918018
R/N,21,0.1864624785364562,1.1230769230769229,0.20941170666402,0.20075194749641587
R/N,22,0.1864624785364562,1.1115384615384614,0.2072602165270609,0.21694177333720358
R/N,23,0.1864624785364562,1.0038461538461538,0.18717964191544256,0.1623627136088729
M/E,0,0.10422851219863846,0.9980769230769232,0.10402807275210263,0.11960846817933779
M/E,1,0.10422851219863846,0.9865384615384616,0.10282543607288756,0.1488076034629649
M/E,2,0.10422851219863846,0.8846153846153846,0.09220214540648787,0.08893934095278214
M/E,3,0.10422851219863846,0.7692307692307692,0.08017577861433726,0.0922271302773055
M/E,4,0.10422851219863846,0.6230769230769231,0.0649423806776132,0.08564670042894656
M/E,5,0.10422851219863846,0.6346153846153846,0.06614501735682825,0.05410840320025316
M/E,6,0.10422851219863846,0.6884615384615383,0.07175732185983186,0.07848009631414436
M/E,7,0.10422851219863846,0.8076923076923076,0.08418456754505413,0.08456233956850798
M/E,8,0.10422851219863846,0.8653846153846153,0.09019775094112943,0.09312803389759439
M/E,9,0.10422851219863846,1.0576923076923077,0.11024169559471377,0.08705140207904977
M/E,10,0.10422851219863846,1.2038461538461538,0.12547509353143785,0.12621039875920612
M/E,11,0.10422851219863846,1.3307692307692307,0.13870409700280348,0.15364404574016696
M/E,12,0.10422851219863846,1.196153846153846,0.12467333574529445,0.1682076439791457
M/E,13,0.10422851219863846,1.1076923076923075,0.11545312120464567,0.14423124598720188
M/E,14,0.10422851219863846,1.0269230769230768,0.10703466445014026,0.17163013817548695
M/E,15,0.10422851219863846,0.9807692307692308,0.10222411773328004,0.07920369084663856
M/E,16,0.10422851219863846,1.0692307692307692,0.11144433227392882,0.13761395137554916
M/E,17,0.10422851219863846,1.1115384615384614,0.11585400009771735,0.1213542602698679
M/E,18,0.10422851219863846,1.1692307692307693,0.12186718349379266,0.1875612714903228
M/E,19,0.10422851219863846,1.1230769230769229,0.1170566367769324,0.09280768821627786
M/E,20,0.10422851219863846,1.1423076923076922,0.11906103124229085,0.09386937597686756
M/E,21,0.10422851219863846,1.1230769230769229,0.1170566367769324,0.09907485741361173
M/E,22,0.10422851219863846,1.1115384615384614,0.11585400009771735,0.052137128368423144
M/E,23,0.10422851219863846,1.0038461538461538,0.10462939109171014,0.08885674044128732
M/W,0,0.18158003589882282,0.9980769230769232,0.18123084352209434,0.1584568636754834
M/W,1,0.18158003589882282,0.9865384615384616,0.1791356892617233,0.18364750285600953
M/W,2,0.18158003589882282,0.8846153846153846,0.1606284932951125,0.17088117256842728
M/W,3,0.18158003589882282,0.7692307692307692,0.13967695069140215,0.19596207586787873
M/W,4,0.18158003589882282,0.6230769230769231,0.11313833006003576,0.14165104520561728
M/W,5,0.18158003589882282,0.6346153846153846,0.11523348432040678,0.09792637465053469
M/W,6,0.18158003589882282,0.6884615384615383,0.1250108708688049,0.09805843072835417
M/W,7,0.18158003589882282,0.8076923076923076,0.14666079822597225,0.16141837337116743
M/W,8,0.18158003589882282,0.8653846153846153,0.15713656952782742,0.11752957331720816
M/W,9,0.18158003589882282,1.0576923076923077,0.192055807200678,0.2469995701763086
M/W,10,0.18158003589882282,1.2038461538461538,0.21859442783204439,0.253977631453683
M/W,11,0.18158003589882282,1.3307692307692307,0.24164112469612575,0.2275658551329846
M/W,12,0.18158003589882282,1.196153846153846,0.21719765832513033,0.16580362245240401
M/W,13,0.18158003589882282,1.1076923076923075,0.20113480899561909,0.24175098022058147
M/W,14,0.18158003589882282,1.0269230769230768,0.18646872917302187,0.18303253381544335
M/W,15,0.18158003589882282,0.9807692307692308,0.17808811213153777,0.21522260149074163
M/W,16,0.18158003589882282,1.0692307692307692,0.19415096146104902,0.146318131697218
M/W,17,0.18158003589882282,1.1115384615384614,0.2018331937490761,0.18385194306046293
M/W,18,0.18158003589882282,1.1692307692307693,0.2123089650509313,0.2124662760424768
M/W,19,0.18158003589882282,1.1230769230769229,0.20392834800944712,0.20533776582238938
M/W,20,0.18158003589882282,1.1423076923076922,0.20742027177673222,0.1939183076323549
M/W,21,0.18158003589882282,1.1230769230769229,0.20392834800944712,0.22261384597987208
M/W,22,0.18158003589882282,1.1115384615384614,0.2018331937490761,0.16980458086759825
M/W,23,0.18158003589882282,1.0038461538461538,0.18227842065227984,0.17800703610164104
H/E,0,0.4801557922876612,0.9980769230769232,0.47923241576403114,0.4828412847153881
H/E,1,0.4801557922876612,0.9865384615384616,0.4736921566222504,0.48912532164401284
H/E,2,0.4801557922876612,0.8846153846153846,0.42475320086985413,0.4461016472125208
H/E,3,0.4801557922876612,0.7692307692307692,0.36935060945204706,0.335611346696911
H/E,4,0.4801557922876612,0.6230769230769231,0.29917399365615815,0.25315056853408946
H/E,5,0.4801557922876612,0.6346153846153846,0.30471425279793884,0.3430445574548941
H/E,6,0.4801557922876612,0.6884615384615383,0.33056879545958207,0.3405382158189698
H/E,7,0.4801557922876612,0.8076923076923076,0.38781813992464936,0.3653635438279528
H/E,8,0.4801557922876612,0.8653846153846153,0.4155194356335529,0.4620539948992286
H/E,9,0.4801557922876612,1.0576923076923077,0.5078570879965647,0.5113273270253504
H/E,10,0.4801557922876612,1.2038461538461538,0.5780337037924537,0.6134126193143684
H/E,11,0.4801557922876612,1.3307692307692307,0.6389765543520414,0.6410021087943446
H/E,12,0.4801557922876612,1.196153846153846,0.5743401976979331,0.6361626354443927
H/E,13,0.4801557922876612,1.1076923076923075,0.5318648776109477,0.5845251028842439
H/E,14,0.4801557922876612,1.0269230769230768,0.4930830636184828,0.4856141391641106
H/E,15,0.4801557922876612,0.9807692307692308,0.47092202705136005,0.5000691555799908
H/E,16,0.4801557922876612,1.0692307692307692,0.5133973471383454,0.5327586256258998
H/E,17,0.4801557922876612,1.1115384615384614,0.5337116306582079,0.5747705773841784
H/E,18,0.4801557922876612,1.1692307692307693,0.5614129263671116,0.5324652225497085
H/E,19,0.4801557922876612,1.1230769230769229,0.5392518897999886,0.5598334335999418
H/E,20,0.4801557922876612,1.1423076923076922,0.5484856550362899,0.5802383896417775
H/E,21,0.4801557922876612,1.1230769230769229,0.5392518897999886,0.4864897052072952
H/E,22,0.4801557922876612,1.1115384615384614,0.5337116306582079,0.4982138752782347
H/E,23,0.4801557922876612,1.0038461538461538,0.48200254533492143,0.4208255800021184
K/E,0,0.34197154128802815,0.9980769230769232,0.34131390370862813,0.3332316986752914
K/E,1,0.34197154128802815,0.9865384615384616,0.3373680782322278,0.3588943459061067
K/E,2,0.34197154128802815,0.8846153846153846,0.30251328652402487,0.3475839980869057
K/E,3,0.34197154128802815,0.7692307692307692,0.26305503176002165,0.2652778751726149
K/E,4,0.34197154128802815,0.6230769230769231,0.21307457572561753,0.26193304209275625
K/E,5,0.34197154128802815,0.6346153846153846,0.21702040120201785,0.1756173574555711
K/E,6,0.34197154128802815,0.6884615384615383,0.23543425342521934,0.1843327802445647
K/E,7,0.34197154128802815,0.8076923076923076,0.2762077833480227,0.27454135238112415
K/E,8,0.34197154128802815,0.8653846153846153,0.2959369107300243,0.30745887419820356
K/E,9,0.34197154128802815,1.0576923076923077,0.36170066867002976,0.36071982622720694
K/E,10,0.34197154128802815,1.2038461538461538,0.41168112470443385,0.34965786170323754
K/E,11,0.34197154128802815,1.3307692307692307,0.45508520494483745,0.4524116037594538
K/E,12,0.34197154128802815,1.196153846153846,0.40905057438683357,0.369916489371688
K/E,13,0.34197154128802815,1.1076923076923075,0.37879924573443113,0.39888942219933227
K/E,14,0.34197154128802815,1.0269230769230768,0.3511784673996289,0.3621764147825343
K/E,15,0.34197154128802815,0.9807692307692308,0.33539516549402765,0.30719877190420697
K/E,16,0.34197154128802815,1.0692307692307692,0.3656464941464301,0.3502304866263293
K/E,17,0.34197154128802815,1.1115384615384614,0.3801145208932312,0.34833811523656266
K/E,18,0.34197154128802815,1.1692307692307693,0.39984364827523294,0.3979632753570378
K/E,19,0.34197154128802815,1.1230769230769229,0.38406034636963154,0.4127146159846687
K/E,20,0.34197154128802815,1.1423076923076922,0.39063672216363216,0.3610649407735658
K/E,21,0.34197154128802815,1.1230769230769229,0.38406034636963154,0.39918174183516686
K/E,22,0.34197154128802815,1.1115384615384614,0.3801145208932312,0.364206792342058
K/E,23,0.34197154128802815,1.0038461538461538,0.34328681644682824,0.3195006314789579
P/S,0,0.15203026765946262,0.9980769230769232,0.1517379017601175,0.14852699096148078
P/S,1,0.15203026765946262,0.9865384615384616,0.1499837063640468,0.11892643669146556
P/S,2,0.15203026765946262,0.8846153846153846,0.13448831369875539,0.11787883453833992
P/S,3,0.15203026765946262,0.7692307692307692,0.11694635973804816,0.0810100229603827
P/S,4,0.15203026765946262,0.6230769230769231,0.09472655138781902,0.1536683053753107
P/S,5,0.15203026765946262,0.6346153846153846,0.09648074678388974,0.0975386533430416
P/S,6,0.15203026765946262,0.6884615384615383,0.1046669919655531,0.08367522672577553
P/S,7,0.15203026765946262,0.8076923076923076,0.12279367772495056,0.1292130750469772
P/S,8,0.15203026765946262,0.8653846153846153,0.13156465470530418,0.1281948132145793
P/S,9,0.15203026765946262,1.0576923076923077,0.16080124463981624,0.15417215665381956
P/S,10,0.15203026765946262,1.2038461538461538,0.18302105299004537,0.20144605399134813
P/S,11,0.15203026765946262,1.3307692307692307,0.20231720234682332,0.22504243364824247
P/S,12,0.15203026765946262,1.196153846153846,0.18185158939266485,0.16593655496434903
P/S,13,0.15203026765946262,1.1076923076923075,0.16840275802278934,0.15112821080344893
P/S,14,0.15203026765946262,1.0269230769230768,0.15612339025029429,0.14787183933574496
P/S,15,0.15203026765946262,0.9807692307692308,0.14910660866601141,0.08004897372394387
P/S,16,0.15203026765946262,1.0692307692307692,0.16255544003588696,0.11709970816993039
P/S,17,0.15203026765946262,1.1115384615384614,0.16898748982147957,0.2099937178448153
P/S,18,0.15203026765946262,1.1692307692307693,0.17775846680183321,0.22710749820687173
P/S,19,0.15203026765946262,1.1230769230769229,0.1707416852175503,0.16327060403085894
P/S,20,0.15203026765946262,1.1423076923076922,0.17366534421100152,0.1909620531026745
P/S,21,0.15203026765946262,1.1230769230769229,0.1707416852175503,0.18007918985385638
P/S,22,0.15203026765946262,1.1115384615384614,0.16898748982147957,0.2613539140751367
P/S,23,0.15203026765946262,1.0038461538461538,0.15261499945815285,0.18620224680119016
P/N,0,0.07465469564576302,0.9980769230769232,0.07451112892336734,0.07067360117894433
P/N,1,0.07465469564576302,0.9865384615384616,0.07364972858899313,0.04498351537098036
P/N,2,0.07465469564576302,0.8846153846153846,0.06604069230202113,0.017847302694293958
P/N,3,0.07465469564576302,0.7692307692307692,0.05742668895827924,0.06353059803429593
P/N,4,0.07465469564576302,0.6230769230769231,0.04651561805620619,0.023825095697677087
P/N,5,0.07465469564576302,0.6346153846153846,0.047377018390580374,0.004709407102650151
P/N,6,0.07465469564576302,0.6884615384615383,0.05139688661765992,0.03199970009038412
P/N,7,0.07465469564576302,0.8076923076923076,0.0602980234061932,0.027851583297761356
P/N,8,0.07465469564576302,0.8653846153846153,0.06460502507806415,0.11521927413024109
P/N,9,0.07465469564576302,1.0576923076923077,0.07896169731763396,0.10541089002611748
P/N,10,0.07465469564576302,1.2038461538461538,0.08987276821970702,0.0896335889802085
P/N,11,0.07465469564576302,1.3307692307692307,0.09934817189782309,0.14374649606452386
P/N,12,0.07465469564576302,1.196153846153846,0.08929850133012421,0.09161955055955276
P/N,13,0.07465469564576302,1.1076923076923075,0.0826944320999221,0.056855906060074186
P/N,14,0.07465469564576302,1.0269230769230768,0.07666462975930279,0.1223583520773925
P/N,15,0.07465469564576302,0.9807692307692308,0.07321902842180604,0.0893863297323458
P/N,16,0.07465469564576302,1.0692307692307692,0.07982309765200815,0.048705713022214464
P/N,17,0.07465469564576302,1.1115384615384614,0.0829815655447135,0.07727140520220525
P/N,18,0.07465469564576302,1.1692307692307693,0.08728856721658446,0.06102001961504174
P/N,19,0.07465469564576302,1.1230769230769229,0.08384296587908768,0.0423589739501576
P/N,20,0.07465469564576302,1.1423076923076922,0.08527863310304468,0.11306395952899392
P/N,21,0.07465469564576302,1.1230769230769229,0.08384296587908768,0.1411254650931916
P/N,22,0.07465469564576302,1.1115384615384614,0.0829815655447135,0.04102453833013927
P/N,23,0.07465469564576302,1.0038461538461538,0.07494182909055441,0.09183090619127154
R/S,0,0.25852746679998334,0.9980769230769232,0.2580302985945988,0.238511021520944
R/S,1,0.25852746679998334,0.9865384615384616,0.25504728936229126,0.24043352784935038
R/S,2,0.25852746679998334,0.8846153846153846,0.22869737447690833,0.21092555674974225
R/S,3,0.25852746679998334,0.7692307692307692,0.1988672821538333,0.17294755906343884
R/S,4,0.25852746679998334,0.6230769230769231,0.16108249854460502,0.16253814738294983
R/S,5,0.25852746679998334,0.6346153846153846,0.1640655077769125,0.13913700428458137
R/S,6,0.25852746679998334,0.6884615384615383,0.17798621752768082,0.18609992230107597
R/S,7,0.25852746679998334,0.8076923076923076,0.20881064626152498,0.20730350297805086
R/S,8,0.25852746679998334,0.8653846153846153,0.22372569242306248,0.21655725101707018
R/S,9,0.25852746679998334,1.0576923076923077,0.27344251296152083,0.2462156031002729
R/S,10,0.25852746679998334,1.2038461538461538,0.31122729657074916,0.2939241566536992
R/S,11,0.25852746679998334,1.3307692307692307,0.3440403981261317,0.36670213490090436
R/S,12,0.25852746679998334,1.196153846153846,0.3092386237492108,0.32426613937794224
R/S,13,0.25852746679998334,1.1076923076923075,0.28636888630151996,0.25704222895756346
R/S,14,0.25852746679998334,1.0269230769230768,0.2654878216753675,0.2684677908382443
R/S,15,0.25852746679998334,0.9807692307692308,0.25355578474613755,0.2760973984472912
R/S,16,0.25852746679998334,1.0692307692307692,0.2764255221938283,0.22634336376018716
R/S,17,0.25852746679998334,1.1115384615384614,0.28736322271228915,0.3036640284836872
R/S,18,0.25852746679998334,1.1692307692307693,0.3022782688738267,0.2823995561054513
R/S,19,0.25852746679998334,1.1230769230769229,0.29034623194459663,0.3074641920023914
R/S,20,0.25852746679998334,1.1423076923076922,0.2953179139984425,0.27242013930216696
R/S,21,0.25852746679998334,1.1230769230769229,0.29034623194459663,0.23619976892466107
R/S,22,0.25852746679998334,1.1115384615384614,0.28736322271228915,0.23853694957579427
R/S,23,0.25852746679998334,1.0038461538461538,0.2595218032107525,0.260964351610594
H/W,0,0.4260583797072911,0.9980769230769232,0.4252390366693925,0.43303071172103696
H/W,1,0.4260583797072911,0.9865384615384616,0.42032297844200067,0.3931934796888684
H/W,2,0.4260583797072911,0.8846153846153846,0.37689779743337287,0.3960555711966941
H/W,3,0.4260583797072911,0.7692307692307692,0.32773721515945464,0.27789161329138584
H/W,4,0.4260583797072911,0.6230769230769231,0.2654671442791583,0.2634847503197388
H/W,5,0.4260583797072911,0.6346153846153846,0.2703832025065501,0.23405271651367643
H/W,6,0.4260583797072911,0.6884615384615383,0.2933248075677119,0.2737697243336471
H/W,7,0.4260583797072911,0.8076923076923076,0.3441240759174274,0.3455460360569198
H/W,8,0.4260583797072911,0.8653846153846153,0.3687043670543865,0.3428919660958679
H/W,9,0.4260583797072911,1.0576923076923077,0.4506386708442502,0.4391020045173554
H/W,10,0.4260583797072911,1.2038461538461538,0.5129087417245466,0.5430975260009798
H/W,11,0.4260583797072911,1.3307692307692307,0.5669853822258566,0.5496786261401622
H/W,12,0.4260583797072911,1.196153846153846,0.509631369572952,0.5347021329349062
H/W,13,0.4260583797072911,1.1076923076923075,0.4719415898296147,0.4380503841898862
H/W,14,0.4260583797072911,1.0269230769230768,0.43752918223787196,0.45342330757533045
H/W,15,0.4260583797072911,0.9807692307692308,0.41786494932830476,0.46111200794804175
H/W,16,0.4260583797072911,1.0692307692307692,0.455554729071642,0.38140539406782337
H/W,17,0.4260583797072911,1.1115384615384614,0.47358027590541196,0.44967341824129764
H/W,18,0.4260583797072911,1.1692307692307693,0.49816056704237116,0.5154727308577873
H/W,19,0.4260583797072911,1.1230769230769229,0.47849633413280374,0.472404972551514
H/W,20,0.4260583797072911,1.1423076923076922,0.4866897645117902,0.49782414071292946
H/W,21,0.4260583797072911,1.1230769230769229,0.47849633413280374,0.46037677853132913
H/W,22,0.4260583797072911,1.1115384615384614,0.47358027590541196,0.47617796952959895
H/W,23,0.4260583797072911,1.0038461538461538,0.42769706578308836,0.42302674872132595
L,0,0.4592488817722051,0.9980769230769232,0.45836571084572014,0.49339917269551437
L,1,0.4592488817722051,0.9865384615384616,0.45306668528681004,0.46069931058584646
L,2,0.4592488817722051,0.8846153846153846,0.4062586261831045,0.41638670604536054
L,3,0.4592488817722051,0.7692307692307692,0.3532683705940039,0.3409120616103299
L,4,0.4592488817722051,0.6230769230769231,0.28614738018114316,0.27151919345896836
L,5,0.4592488817722051,0.6346153846153846,0.2914464057400532,0.2784696601054646
L,6,0.4592488817722051,0.6884615384615383,0.31617519168163344,0.32800875595298234
L,7,0.4592488817722051,0.8076923076923076,0.37093178912370406,0.35830225469909616
L,8,0.4592488817722051,0.8653846153846153,0.3974269169182544,0.4061201626251468
L,9,0.4592488817722051,1.0576923076923077,0.4857440095667554,0.5480060335261185
L,10,0.4592488817722051,1.2038461538461538,0.5528649999796161,0.5789987410825669
L,11,0.4592488817722051,1.3307692307692307,0.6111542811276267,0.6013735751625915
L,12,0.4592488817722051,1.196153846153846,0.549332316273676,0.5853687339385943
L,13,0.4592488817722051,1.1076923076923075,0.5087064536553656,0.49646419246471907
L,14,0.4592488817722051,1.0269230769230768,0.4716132747429952,0.41046953868765956
L,15,0.4592488817722051,0.9807692307692308,0.450417172507355,0.4201745831798329
L,16,0.4592488817722051,1.0692307692307692,0.49104303512566544,0.4349192774948898
L,17,0.4592488817722051,1.1115384615384614,0.5104727955083356,0.4999273909870963
L,18,0.4592488817722051,1.1692307692307693,0.536967923302886,0.5375204746785726
L,19,0.4592488817722051,1.1230769230769229,0.5157718210672456,0.566064940435504
L,20,0.4592488817722051,1.1423076923076922,0.5246035303320957,0.5344113515450206
L,21,0.4592488817722051,1.1230769230769229,0.5157718210672456,0.5091988052029797
L,22,0.4592488817722051,1.1115384615384614,0.5104727955083356,0.5353549629438402
L,23,0.4592488817722051,1.0038461538461538,0.4610152236251751,0.39468116435493855
